frame_num,left_ear,right_ear,ear,mar,phi,theta,label,valid
1,0.508963798245119,0.4281885521375675,0.4685761751913432,0.1353278886091402,-140.5501482571025,34.99198291212681,1,1
2,0.5189383369157661,0.4249692551721109,0.4719537960439385,0.13556396314808644,-138.58799414397987,33.74350881082255,1,1
3,0.5135561715174093,0.4237043378147353,0.46863025466607233,0.12988048910763517,-138.40273812148135,33.64622570659578,1,1
4,0.5201958001069558,0.4210674110851142,0.470631605596035,0.18164835760967304,-139.33586051532083,34.51819548059368,1,1
5,0.5230503162762346,0.4287196266064339,0.47588497144133424,0.1792795255287153,-138.64825374397574,33.849554606437025,1,1
6,0.5158859744695078,0.423011702830975,0.4694488386502414,0.1945708481209165,-138.24230603618878,33.41464993321025,1,1
7,0.5254923674262528,0.42532009723796704,0.47540623233210993,0.20440284237302644,-138.83285687370955,34.49742865975732,1,1
8,0.5194927522739148,0.42508146018849163,0.4722871062312032,0.20751538993154456,-138.29640040460956,33.75404150412122,1,1
9,0.5150370780436503,0.4228918614310787,0.4689644697373645,0.20767043331381072,-138.22179368201543,34.00613475887926,1,1
10,0.492480556136664,0.4159138989946613,0.45419722756566266,0.20433389106974909,-138.2050907305655,33.27908484291179,1,1
11,0.4892263524360309,0.41545241467075844,0.45233938355339465,0.22464008271834826,-138.5168153301364,33.57056432785932,1,1
12,0.5110270254990289,0.4262863292541559,0.4686566773765924,0.22488045704982804,-137.98614378615608,33.94101742222017,1,1
13,0.47307853636144975,0.40338917068745345,0.4382338535244516,0.24379953233656207,-138.4712030394407,34.21001372537638,1,1
14,0.4834480624838371,0.41167887072615067,0.4475634666049939,0.2536103022334568,-137.9011890399895,33.9518585679789,1,1
15,0.4849506095563195,0.41071595952326506,0.4478332845397923,0.25236763623087605,-139.47257321504117,36.90894789520925,1,1
16,0.4995209505044138,0.42733764936299284,0.4634292999337033,0.23623420801581924,-169.88650720990776,52.29229857586078,1,1
17,0.4980080408266702,0.4175197768294793,0.4577639088280748,0.25357389973649214,-144.56888751406976,43.612268353956786,1,1
18,0.5002590119725404,0.4208163800538527,0.46053769601319655,0.26492205371287114,-137.30218695104327,34.14456363884076,1,1
19,0.5062789993828424,0.4183393803078751,0.46230918984535874,0.2508725494123334,-138.02083039772427,34.956424436752656,1,1
20,0.5077140732534029,0.4298649304287061,0.4687895018410545,0.25122786677949505,-138.47516503973856,35.349227600052004,1,1
21,0.5034197134921812,0.43034996432091494,0.4668848389065481,0.2771399096071691,164.25896731626963,46.05952804663279,1,1
22,0.49903338001608144,0.42029994256005104,0.4596666612880662,0.2828670001401377,-147.73517653692997,46.17583948828645,1,1
23,0.4941762153776614,0.41859969746120723,0.4563879564194343,0.30136570203779806,-31.536364087689268,71.92504351981592,1,1
24,0.4879988237763743,0.4139868101156719,0.4509928169460231,0.3137709938795377,-31.487747350621955,71.91995045456137,1,1
25,0.4607416040325121,0.3934349578017465,0.42708828091712925,0.2497161490108871,-30.389506059993142,71.87131133610212,1,1
26,0.47643216460508725,0.4081311222862051,0.44228164344564613,0.26732771957790985,-30.381858512730876,71.87490590858077,1,1
27,0.4758586873480306,0.4092295204499178,0.4425441038989742,0.25236785765172925,-29.884912244905546,72.02727438587179,1,1
28,0.4798344684891672,0.41085581687553907,0.44534514268235315,0.2525722843157453,-31.64121402300264,71.94541667560769,1,1
29,0.49553109176287574,0.41867117041470614,0.4571011310887909,0.24772971168981608,-30.156031167052635,72.06453371950263,1,1
30,0.4912920664840956,0.4202420154357096,0.4557670409599026,0.24595543329204922,-31.55312287287293,71.93389439967756,1,1
31,0.507237645169548,0.4297789281555603,0.4685082866625541,0.2472495580896675,-31.381854050967444,71.9110525349937,1,1
32,0.5123619635026433,0.43824013540420165,0.47530104945342244,0.2511819379495215,-31.571194117707567,71.94377683124964,1,1
33,0.5239915613540072,0.44681632434655766,0.48540394285028243,0.2571539833265688,-143.50823213139026,39.608846158023304,1,1
34,0.5144044964560569,0.43583398237401216,0.47511923941503453,0.2601996077795321,-152.76795858728502,46.02228728301045,1,1
35,0.5154727442524772,0.43914112195980604,0.47730693310614164,0.25709655604785087,-141.01638510197517,37.611148933096345,1,1
36,0.5146484375635857,0.4371036876194032,0.47587606259149445,0.2515429485351697,-30.546134167582103,71.89872823361165,1,1
37,0.49125070009734223,0.41596391034740193,0.4536073052223721,0.22984974041753148,-31.29493151526879,71.98225626913018,1,1
38,0.473963523088697,0.41439411911682633,0.44417882110276163,0.241365505809805,-31.26082491188153,71.9633201074302,1,1
39,0.4931470428438687,0.4275748245622462,0.4603609337030574,0.2573536790044739,-141.99483022984697,38.25411441329932,1,1
40,0.5143154126522249,0.4368063853199673,0.4755608989860961,0.25854613705095464,-145.39510979969836,40.037275119186894,1,1
41,0.4982346051616622,0.4263814833588295,0.46230804426024585,0.25373503186218443,-141.17850355008017,37.46215696250879,1,1
42,0.492695784686056,0.42477976557770575,0.45873777513188085,0.26554978709897326,-142.96072166877752,39.60587940467279,1,1
43,0.4948495176884818,0.4264795614731987,0.46066453958084025,0.25480328917650086,-141.9880650281108,38.341605440260096,1,1
44,0.4936409344532431,0.4264843132132544,0.46006262383324875,0.254985779088573,-141.50663549580622,36.92210917613047,1,1
45,0.49922159072006744,0.4307745311699227,0.4649980609449951,0.251218901415271,-144.0355674082442,40.030955951466815,1,1
46,0.5040283369181429,0.4292459707185728,0.4666371538183578,0.25005257040914214,-142.0241796114434,35.30898597068449,1,1
47,0.5078250045738183,0.42976104518213987,0.4687930248779791,0.2516945434946979,-142.43945181541332,37.80170297408354,1,1
48,0.5052188911697355,0.42430389774698674,0.4647613944583611,0.24498936295572143,-141.51888997532814,36.92771227443731,1,1
49,0.49480300069081073,0.42586286835615983,0.4603329345234853,0.24997931795847214,-139.84323378497047,34.20221461413277,1,1
50,0.4731750499917424,0.4191121124397911,0.44614358121576675,0.25770707174746277,-140.29199582518618,36.152693549910744,1,1
51,0.4665246765257191,0.41815967378421387,0.4423421751549665,0.25770745408352286,-141.31006420011573,36.92611271414836,1,1
52,0.48724819997356206,0.4266316303898802,0.45693991518172117,0.2575910327804537,-140.6475471127041,36.527876239843096,1,1
53,0.46796787301602066,0.4139196390917253,0.440943756053873,0.2660371555564131,-140.0782640551239,35.572435968572684,1,1
54,0.4770626835130236,0.4204852484299027,0.44877396597146313,0.2620796393467953,-140.33666939505784,36.11207237143157,1,1
55,0.4802293543309618,0.4179645444208334,0.4490969493758976,0.2614624276596005,-140.37698730350138,33.69268912520051,1,1
56,0.502183501963655,0.43658536016316957,0.4693844310634123,0.24743384395469478,-141.1964053030765,37.44789613526177,1,1
57,0.4983287899236364,0.4413153189810764,0.46982205445235636,0.2580545875677964,-30.8445825944865,71.99382382246132,1,1
58,0.5037865674960716,0.44251420700990035,0.47315038725298597,0.27095760137907254,-141.1965026972112,36.939042026001864,1,1
59,0.5013401343377568,0.4396079382349004,0.4704740362863286,0.26651277257040984,-141.17002789873567,34.78194464201003,1,1
60,0.48659120289856167,0.42963909523719734,0.45811514906787953,0.2677700801486115,-141.61366107719846,36.89401851014552,1,1
61,0.4392706706382339,0.4142266048739547,0.4267486377560943,0.2608994616680314,-140.32369649440528,36.16474143650884,1,1
62,0.4669269152650726,0.4128802163936699,0.43990356582937123,0.2681455681142966,-140.0926466546484,33.8817067799369,1,1
63,0.48661035071488024,0.4176456847271548,0.4521280177210175,0.27225284980771314,-137.89591341178655,35.46560983916487,1,1
64,0.5240297408696539,0.4306544602021112,0.47734210053588255,0.28894199866858117,-138.77761781364217,35.326841656648504,1,1
65,0.533841297557487,0.42522396122376505,0.479532629390626,0.2660589021928975,-136.35634658030173,34.37637481171357,1,1
66,0.5533859791020781,0.4170534032428095,0.4852196911724438,0.2817678280165549,-136.19581274542375,32.06332595644966,1,1
67,0.5546426554923072,0.39835241257048276,0.47649753403139494,0.2892045767430425,-135.67460882194368,33.960396003204146,1,1
68,0.5690412069783951,0.4108636330651992,0.4899524200217972,0.29356138347051886,-135.04984668938854,33.157167893135345,1,1
69,0.5643730190113986,0.4044935613182015,0.4844332901648001,0.3077519412061468,-136.66294977599404,31.770365340563046,1,1
70,0.6119745783534007,0.42682577570292196,0.5194001770281613,0.3138422492618857,-135.87377566176536,33.44879209620849,1,1
71,0.6209815806236184,0.43270310498384473,0.5268423428037315,0.31227889289330324,-134.03916754278887,32.32557606329115,1,1
72,0.573114235861809,0.3915666446333329,0.48234044024757095,0.3014724373287342,-133.6586960219722,32.00412496935691,1,1
73,0.5810172640027876,0.39318298174123584,0.48710012287201176,0.2953314917004982,-135.78318541357382,31.052881111212752,1,1
74,0.5918986594808467,0.40080202569456713,0.49635034258770694,0.30203743064226674,-134.98172087171807,29.932243683375425,1,1
75,0.5912531010398288,0.4008721230347766,0.4960626120373027,0.29804247619478197,-135.4584706491558,31.02711691915817,1,1
76,0.6163094768866196,0.4169200794176563,0.516614778152138,0.2932253827429252,-137.47676123828,32.445679620449745,1,1
77,0.6172506462160459,0.4100293217305352,0.5136399839732906,0.2907014723593099,129.65462986296646,40.961863249225075,1,1
78,0.6038045633390048,0.4062779521422165,0.5050412577406107,0.30235796172829427,-137.79255756314458,31.521601521506778,1,1
79,0.6347526256770355,0.4210610221434243,0.5279068239102299,0.32754958663008704,-132.53092682622733,31.075354563680783,1,1
80,0.6334797298482082,0.42110637063451334,0.5272930502413608,0.3237065485118073,134.19200510429982,39.70662078141457,1,1
81,0.6553894182131952,0.4290441037223345,0.5422167609677648,0.31732945077265134,-140.18477466662836,38.378502721243365,1,1
82,0.6432043235360155,0.42934729576518854,0.5362758096506021,0.3397884363673866,-133.91028238978637,31.002291239152427,1,1
83,0.6393787789187522,0.4329143751371155,0.5361465770279339,0.336423171203608,172.97937952854366,50.63839751035057,1,1
84,0.6572864161411284,0.4430286478613823,0.5501575320012553,0.33677090043152674,-149.67745745944487,38.59014438462504,1,1
85,0.6712284924742828,0.4472182820980285,0.5592233872861556,0.2952031155266976,129.20032389513258,38.43195095439185,1,1
86,0.6562600094909345,0.4565476147624856,0.5564038121267101,0.2931296596475952,-134.38955398436815,33.765985693680385,1,1
87,0.6594372954726272,0.45615439168831706,0.5577958435804722,0.3041657735975811,-139.56900397293643,31.704157811406215,1,1
88,0.6603871948835769,0.4455889837307923,0.5529880893071846,0.28755202312699457,-138.95343745119888,32.6075567599966,1,1
89,0.6420734941777515,0.4044814976111337,0.5232774958944426,0.27048283439317344,148.59226311966583,41.82817206307782,1,1
90,0.6454070679902923,0.3982868588092238,0.5218469633997581,0.29931763505928316,-137.60555174561787,36.74187199735379,1,1
91,0.6656458364285551,0.36456636389415076,0.5151061001613529,0.2993785297942232,127.77346022029049,38.16881555557956,1,1
92,0.7210022784104221,0.3962397287921783,0.5586210036013002,0.2907004791858115,-133.3710350047242,29.963132475251456,1,1
93,0.7616570947931306,0.40294527159549853,0.5823011831943146,0.3251802203181138,-132.51466906153087,28.581144352224545,1,1
94,0.8570517764976969,0.42074825509958297,0.63890001579864,0.34275290496716887,-132.61793068539708,28.005054603491676,1,1
95,0.7960287457221109,0.38511843388399625,0.5905735898030535,0.37097100839878167,129.58642551288773,39.464223431255554,1,1
96,0.8507098813584719,0.4087929531273193,0.6297514172428956,0.42685912527497955,120.58714379441514,32.901204813367634,1,1
97,1.0151007804432814,0.41911637286379255,0.717108576653537,0.4410561419491321,116.5357227544729,30.165597621043172,1,1
98,1.0713599752833725,0.44375142805591183,0.7575557016696421,0.4725486022037863,116.41139346726251,30.505864447909556,1,1
99,1.1273123648388483,0.45172941600005684,0.7895208904194526,0.4805367663971817,-120.98150618688535,21.44924756412829,1,1
100,1.1887700609785827,0.4653351785733555,0.8270526197759691,0.45663648088706427,-123.56161655989484,17.12390288921417,1,1
101,1.1330984025214133,0.4351083164422558,0.7841033594818345,0.45669818052862704,-123.85907404834737,26.483094080350572,1,1
102,1.0899686635198578,0.4129979528957731,0.7514833082078154,0.42305108282565584,-130.3561667255813,29.311074574427177,1,1
103,1.196375174716352,0.4628065320311248,0.8295908533737384,0.4662771628348494,-124.74056140450608,25.81675364421783,1,1
104,1.1552359410521729,0.45009890420603643,0.8026674226291046,0.4514489911416859,-122.04752421792068,20.700978562310436,1,1
105,1.2160764914213855,0.457129227677082,0.8366028595492337,0.46754281360522304,-123.08979439905436,19.912072037598502,1,1
106,1.2828406622264221,0.4647321900558234,0.8737864261411228,0.48007862104349325,-129.68942710871542,20.58398236905887,1,1
107,1.288494900747514,0.45996666220830335,0.8742307814779087,0.4891635320036777,-125.10358026891159,17.899377595080615,1,1
108,1.3071488167120653,0.4675997454774739,0.8873742810947696,0.49443776144060897,113.71422318410683,29.586100556185055,1,1
109,1.1291895663031526,0.4449916992379767,0.7870906327705647,0.4171509491231313,-124.72777377726874,19.616624210763998,1,1
110,1.1789935709956347,0.46444988368543105,0.8217217273405328,0.4057709696655938,-124.7970635184551,25.07655079533663,1,1
111,1.1159315915789483,0.47058113710655636,0.7932563643427524,0.37094197266711054,115.40895803660152,30.33812599446802,1,1
112,1.1069391645047915,0.4352718289182826,0.771105496711537,0.3773755945968383,-125.8299285511884,20.005929307250113,1,1
113,1.1126371282751222,0.4560598762557318,0.784348502265427,0.3545565847892051,-126.44971285343026,25.14183027815557,1,1
114,1.1300389701208515,0.45456436071056094,0.7923016654157062,0.3896005056452352,115.89100255968451,31.383324346375563,1,1
115,1.1250973721558095,0.461947031296864,0.7935222017263368,0.3928979979540484,-124.07159489649986,19.00975932881371,1,1
116,1.1404376339472853,0.483018674384272,0.8117281541657786,0.3886524725628495,116.32072021055293,31.76338111003872,1,1
117,1.060103679388097,0.4528917639933485,0.7564977216907227,0.37814566982715464,-142.35244982950536,30.762122703150396,1,1
118,1.0753482790928417,0.4771362148845915,0.7762422469887166,0.37068260244029705,117.66700816885013,32.64985731892883,1,1
119,0.9872232607591184,0.4690220565838911,0.7281226586715047,0.35293638336797933,118.06578300493737,33.06690727245613,1,1
120,1.025503529686178,0.532087038735906,0.778795284211042,0.3306478857806329,-149.39290726923835,37.49010687329264,1,1
121,0.9809365292970434,0.47428659382945576,0.7276115615632496,0.39112706200345904,117.92982548960092,32.492498392252344,1,1
122,1.0418031376048358,0.5151861543452275,0.7784946459750317,0.3840462775039018,-128.65327944832086,22.46988365142563,1,1
123,1.0411535720613458,0.5264800154046567,0.7838167937330013,0.37687851702186653,117.40712745405342,32.38087189770262,1,1
124,1.0108501443145954,0.5207558343866628,0.7658029893506291,0.38240761041392757,118.98624258637075,33.40821412185696,1,1
125,0.9841380702450433,0.5116388420560116,0.7478884561505275,0.3460411485079811,119.5783953416196,43.24832578690105,1,1
126,0.9284550898309348,0.5070407405097569,0.7177479151703459,0.3447161851488582,-134.21371197493087,29.913377044633275,1,1
127,0.8284122667318107,0.476040404167106,0.6522263354494584,0.36588610382472786,-141.74449875729476,36.97844026128934,1,1
128,0.8129360829048194,0.4770030222247826,0.644969552564801,0.3688655742907013,-144.33614636834264,38.652243926988845,1,1
129,0.7611509356127845,0.46505384847809084,0.6131023920454377,0.34924855870930843,129.9738579031606,36.26170971162296,1,1
130,0.7711170222809008,0.4718025486000782,0.6214597854404895,0.3378997517308425,123.04534216408322,35.28175233913368,1,1
131,0.7008499086043775,0.45336807835734627,0.5771089934808619,0.3416444263856462,124.31737040323819,36.44195049150123,1,1
132,0.6927702624595999,0.44949732872877474,0.5711337955941873,0.32566874033728566,-138.8465908952102,30.05651837386095,1,1
133,0.6404896684871728,0.42030941283847406,0.5303995406628235,0.3120464994174605,129.22130167146946,44.53307227092567,1,1
134,0.6237924610083581,0.4138976066218591,0.5188450338151086,0.32312680164155494,128.3869001133076,41.396268179915275,1,1
135,0.6149454690452958,0.4252619562752214,0.5201037126602586,0.3387875216472603,127.61341399205715,37.95181291245356,1,1
136,0.602966210012805,0.4232572641845509,0.513111737098678,0.3191163832980107,131.86518718390798,41.74046349278812,1,1
137,0.6161825559775047,0.4342475290163573,0.5252150424969311,0.3110577763430986,169.91032915612195,50.46713147566362,1,1
138,0.6030179633433987,0.43049414230483585,0.5167560528241173,0.2994722669922231,-139.60326100413383,36.8413678294502,1,1
139,0.6029410029236378,0.4328012987577465,0.5178711508406921,0.28513986342383774,-147.58261874374233,36.81493805391556,1,1
140,0.6178799798016095,0.44600319220330553,0.5319415860024574,0.271614556094269,-145.2063266592066,35.821175980079865,1,1
141,0.6147301584745781,0.45459745938309293,0.5346638089288356,0.2741571283746542,-142.5255547591634,38.813214741646696,1,1
142,0.6066524863333833,0.4509774710699125,0.5288149787016478,0.2728178317860713,-138.81976335200812,36.14564783065126,1,1
143,0.5790779256989922,0.4449419762149713,0.5120099509569818,0.2822849827788023,-139.5025722472234,37.69078134587821,1,1
144,0.5507845330450611,0.4368672941552224,0.4938259136001418,0.27608292778780474,-142.69369540847472,39.06209011674278,1,1
145,0.5343507335832,0.41651924608074925,0.47543498983197463,0.28886513773843625,-141.05242287700045,37.401445218810665,1,1
146,0.5226810280775743,0.4134813287185374,0.46808117839805585,0.2817644537108338,-140.60416798720385,37.73760998747876,1,1
147,0.5075024389088019,0.40579044662255864,0.4566464427656802,0.2726917176782553,-140.96266050692017,37.67833096503682,1,1
148,0.5049442356412953,0.40885521270455527,0.4568997241729253,0.2635002444821571,-141.77486326389163,37.83032361130227,1,1
149,0.5203992890156272,0.4212824921236108,0.470840890569619,0.27606519475878494,-140.1587821124698,37.18392451736037,1,1
150,0.4983841590326448,0.40607846330907005,0.45223131117085746,0.2680725720423084,-139.66038191108524,36.69078220928151,1,1
151,0.4955331189469887,0.4066437821333528,0.45108845054017077,0.2674737427399546,-138.76060103029192,35.981405055312116,1,1
152,0.4965128085829436,0.4098624289898241,0.45318761878638386,0.28190790198846827,-142.21175255562252,39.537253660995184,1,1
153,0.48876328991959245,0.4069598751461915,0.447861582532892,0.27031609112703875,-140.82039517137886,37.42792835334165,1,1
154,0.4800048283637304,0.39685688010503045,0.43843085423438044,0.26877200162748505,-140.64617154721586,37.57618793196479,1,1
155,0.4938453022915605,0.4063677528341389,0.4501065275628497,0.25895015180202374,-140.3855620167994,37.66120146069236,1,1
156,0.5015478206181575,0.41051680912433525,0.4560323148712464,0.2680648985688325,-139.82493959340343,36.98871444291841,1,1
157,0.5446140380804058,0.4386196844670962,0.491616861273751,0.24622302274831812,-140.32893039076,37.490272744211985,1,1
158,0.537093290000423,0.4367689864856734,0.48693113824304823,0.22784513367943848,-141.2704159819616,36.440460961832535,1,1
159,0.5234969841250271,0.4296731589758053,0.4765850715504162,0.2394028898568465,-138.75308228085558,36.920245473215545,1,1
160,0.5219904501522012,0.42566438028633746,0.47382741521926935,0.24477353719550812,-139.7900772819978,37.17378311901937,1,1
161,0.5210632333711381,0.424954155015404,0.4730086941932711,0.24636706663316418,-139.37952319043777,37.34347604256829,1,1
162,0.5191721202772377,0.42842309449737287,0.47379760738730525,0.24711174260643776,-139.36111757018006,35.734726474910765,1,1
163,0.5215479081847935,0.4287523509397583,0.47515012956227587,0.22739090887488617,-139.526112550278,37.40586791691408,1,1
164,0.5145120348677017,0.4333071495743648,0.47390959222103324,0.22056963427931028,-139.07247579764322,37.64289732801746,1,1
165,0.510759264688758,0.43026928320248703,0.4705142739456225,0.2238718991835279,-139.1260611984327,35.655248552174726,1,1
166,0.5043729885165678,0.43429023089359264,0.4693316097050802,0.24104199384458957,-142.53706041612062,37.58850251285603,1,1
167,0.522124830191149,0.4390191585650723,0.4805719943781106,0.23858258204154043,-140.28610169070853,37.73140056243939,1,1
168,0.5234208719591568,0.4372603094738676,0.4803405907165122,0.2344474641777175,-139.17009766732826,37.46899494653455,1,1
169,0.5000672191050763,0.41425320960360873,0.4571602143543425,0.2536849936006758,-135.66428084808115,35.12322999288453,1,1
170,0.5066359411075572,0.4197025335531917,0.4631692373303744,0.2476537698773897,-136.23903013881292,35.344051224840456,1,1
171,0.4912088792647128,0.413424328549389,0.45231660390705086,0.2393374811793927,-138.00553078225852,33.87735771321746,1,1
172,0.5049776482818487,0.42002933630997763,0.46250349229591314,0.23402040614246927,-137.47260777591669,33.68149209245391,1,1
173,0.49266768028745433,0.41874207901909183,0.4557048796532731,0.23793818246501136,-177.3475230745456,50.98483024812608,1,1
174,0.490624467708163,0.4200232307590216,0.45532384923359226,0.24330681495417192,-138.11082981443565,34.176983771427935,1,1
175,0.4950248184739049,0.42120496857530293,0.4581148935246039,0.23680654891120534,-135.7597340941593,35.271217096066216,1,1
176,0.48394085381219476,0.40932631482803405,0.4466335843201144,0.2428112707467911,-135.41156177171354,35.15527712375471,1,1
177,0.48183789641152613,0.41830448068076115,0.45007118854614364,0.23329346893587238,-136.13921215841552,35.103644095305555,1,1
178,0.4931015666761833,0.4180451916307299,0.45557337915345664,0.23942191793495837,-135.45250049944704,34.89118796712072,1,1
179,0.4903150083402301,0.4174072056878751,0.4538611070140526,0.23185399511467886,-135.33265492452514,35.06037667009352,1,1
180,0.4953136878608029,0.4200970481764727,0.4577053680186378,0.22385929116704212,-136.58563640866305,35.72406301425849,1,1
181,0.49580972672025225,0.4240239963382608,0.45991686152925654,0.22966263718973667,-138.26738034400603,36.501450843977906,1,1
182,0.504064500323672,0.4335055884489565,0.46878504438631424,0.23528996693086943,-137.93391738243656,36.77964255224473,1,1
183,0.4994224775593333,0.42682646548169323,0.4631244715205133,0.2291621157934047,-138.7499528808579,37.4646092019591,1,1
184,0.485362580414487,0.424338302336606,0.45485044137554653,0.22276901870181764,-139.14049715943005,38.112518911291744,1,1
185,0.49122768269522094,0.4234205131556778,0.45732409792544937,0.22807520625311622,-139.2544004003648,38.076649991335614,1,1
186,0.47717169131320286,0.39719290511122046,0.43718229821221166,0.2259612885989607,-136.44306146609796,35.58087139326119,1,1
187,0.4412611335309265,0.3557298213861918,0.3984954774585592,0.2280971768266975,-142.6511529207943,39.903269030125955,1,1
188,0.20758402107826698,0.15518768697859978,0.18138585402843338,0.20055893224488883,-142.47430149632882,40.60551162916882,0,1
189,0.18325606058262373,0.17529218052286633,0.17927412055274503,0.2209789195750325,-30.40304241564141,71.86569564896381,0,1
190,0.30275598164433737,0.26301160923126377,0.28288379543780057,0.22181983379608106,-31.05612009678479,71.91380963537624,1,1
191,0.2857132491087177,0.2683730562030742,0.27704315265589596,0.2090563802882182,-141.11639728616674,38.52868751770402,1,1
192,0.32683299801019317,0.29746671350595616,0.31214985575807463,0.2337129663225196,-142.3671960422321,38.65875924204347,1,1
193,0.3146822944099668,0.31328154665220825,0.31398192053108753,0.2154985502311445,-142.39642073282013,38.55741562882931,1,1
194,0.40955710277876684,0.37903793825210624,0.39429752051543654,0.18409074448388613,-142.98349984236347,38.48293712720554,1,1
195,0.42310189842743273,0.4008184085217063,0.4119601534745695,0.20793212645819903,-141.2928466461986,36.866202920710684,1,1
196,0.40921903659559034,0.4098897977737344,0.40955441718466234,0.21758377046400368,-139.63173097908606,35.379188758351745,1,1
197,0.38195553386526365,0.4026536367565204,0.392304585310892,0.20856482024894415,-140.53544837792694,35.68776618346776,1,1
198,0.37302842780465717,0.4110414776695223,0.39203495273708977,0.22854548719556322,-140.05013249810392,35.217008320331516,1,1
199,0.3472055497191934,0.4230767686160267,0.38514115916761005,0.20918256883850883,-140.6361404980425,35.45238518987857,1,1
200,0.34216202715593413,0.3975724508735038,0.36986723901471896,0.24124895503472418,-139.34733757110672,34.034073352263526,1,1
201,0.34950231828597567,0.4248237896340649,0.38716305396002026,0.24033937517760873,-139.36415636378834,33.57078661788099,1,1
202,0.31899626802255904,0.4189002791238911,0.36894827357322507,0.24921664262187904,-139.40984013043018,33.431235198389025,1,1
203,0.2959002811411158,0.42124231886423036,0.35857130000267307,0.2355464833844194,-140.82357492503164,31.712083496676634,1,1
204,0.3200151458385564,0.4346781656917605,0.37734665576515847,0.2578224768883328,-139.6081827602053,33.242289518267555,1,1
205,0.3150602672323219,0.40234515207705834,0.3587027096546901,0.2454573049671162,-137.7577200187853,31.449268458371698,1,1
206,0.3185650735289899,0.41504284092235316,0.3668039572256715,0.2360279853205607,-137.16308307657883,31.252393455177177,1,1
207,0.32287355527829137,0.4177895255712781,0.3703315404247847,0.23995876218262935,-137.65984502409188,31.099894680351586,1,1
208,0.3173737802368999,0.4188978247900914,0.36813580251349565,0.24719993670256196,-137.54593416671128,31.561032961288984,1,1
209,0.32375238455463246,0.42333488839937544,0.37354363647700395,0.24572324952799288,-137.48927233774114,31.243652108845097,1,1
210,0.3057854499180792,0.40995189160010115,0.3578686707590902,0.24731900770726042,-137.68981238939375,31.545010314611364,1,1
211,0.3191891611906206,0.42005278573210336,0.36962097346136197,0.24142396161050603,-137.97000851213906,31.539173518217286,1,1
212,0.31305630102199716,0.4053855900668331,0.35922094554441514,0.2363160171893243,-137.72351356221503,31.150450917453675,1,1
213,0.31457325820482857,0.407003622184854,0.36078844019484124,0.2296351269977314,-137.8031167566551,31.050899176026796,1,1
214,0.3020349779135891,0.39545085749081604,0.34874291770220256,0.2313862517167059,-138.02738969744107,31.481738015668657,1,1
215,0.3071108896525541,0.4004605067524206,0.3537856982024874,0.22967421551009995,-137.86774896929876,31.31565229330181,1,1
216,0.31306183238532964,0.408955299797598,0.3610085660914638,0.21823076580246728,-137.57534798184616,30.89884006855496,1,1
217,0.2995977708521254,0.41378444732743186,0.35669110908977864,0.2394634363466704,-137.99801090093538,31.21257718752521,1,1
218,0.3093109496958205,0.4196247720991484,0.36446786089748445,0.2398722408104511,-137.43784110105275,32.53330226506049,1,1
219,0.31412948681763453,0.42145272930165817,0.3677911080596463,0.22408250549686964,-138.1039574270326,32.01363816497409,1,1
220,0.30736562508088966,0.42221134013353345,0.36478848260721153,0.22848796814846134,-137.9445581700985,31.910412079305235,1,1
221,0.31227403574744955,0.418712556651552,0.3654932961995008,0.22648169058500775,-138.06728019008537,31.885735382505658,1,1
222,0.3230488974235829,0.4232491579548123,0.3731490276891976,0.23049092067561538,-137.90438089801802,32.102882404608565,1,1
223,0.3437764520714542,0.44160468482695936,0.3926905684492068,0.23794553296734403,-138.31702266621596,32.03523613893908,1,1
224,0.33361539134594587,0.43273239873343083,0.38317389503968835,0.2315139522581623,-138.3957947822874,31.963337172919378,1,1
225,0.32715819527788,0.4155866262816146,0.37137241077974725,0.23266591175967674,-138.3984717685775,32.01773298699626,1,1
226,0.31024867044841875,0.4039810728218115,0.3571148716351151,0.22659409134455774,-138.1127130134722,31.65925891938686,1,1
227,0.31480449939019106,0.4067476710914304,0.36077608524081073,0.22883606475763585,-138.1948291689822,31.762210493845497,1,1
228,0.29978716349666706,0.40196128199350156,0.3508742227450843,0.22216388472928456,-138.1931808533403,31.918514728652085,1,1
229,0.28666416722315885,0.3866244194285763,0.33664429332586754,0.23625978964892855,-137.86928748144746,31.72183841118432,1,1
230,0.29399980602516756,0.3756058677633504,0.334802836894259,0.22856881254451478,-138.15291254096323,31.935386204412,1,1
231,0.23844091558135086,0.3383412488644719,0.2883910822229114,0.23822064047535801,-138.11555484155767,31.803585023885695,1,1
232,0.09160458325802855,0.12829651483338783,0.1099505490457082,0.20699428188595936,-140.5355863020408,34.91818282065319,0,1
233,0.06720766341464628,0.09359595095012506,0.08040180718238567,0.23130485913130244,-140.36042264191926,35.301164530662604,0,1
234,0.03647378586931486,0.06865302118894448,0.052563403529129665,0.19809972194678674,-140.75855663705923,35.91747716371197,0,1
235,0.10561635193716601,0.08162902142062621,0.09362268667889612,0.19490834544569088,-139.86867681408395,35.28279705209318,0,1
236,0.2125057173823782,0.24753732746887724,0.23002152242562773,0.18323699486964537,-139.73236767783956,35.586827858021806,1,1
237,0.3192123335137326,0.34522291056117,0.3322176220374513,0.1792157218090406,-139.47183829857815,32.669778052379684,1,1
238,0.33987064597424527,0.37964856604264086,0.35975960600844303,0.17719897016203978,-138.7080351294089,35.29804008992787,1,1
239,0.36161282022950625,0.39661227564709955,0.3791125479383029,0.19750387695527574,-138.7654414740773,36.68427177436472,1,1
240,0.3787339957313553,0.406756531484078,0.39274526360771667,0.2029582972020285,-138.84129612685683,37.05372212039122,1,1
241,0.3724113800611891,0.39027686441456577,0.38134412223787745,0.22073851540142503,-139.6748041574668,35.94684111574682,1,1
242,0.37983399936918427,0.40014687660304693,0.3899904379861156,0.21027025502944782,-140.30010058993642,36.24263456932957,1,1
243,0.3665911946440162,0.3700058412096471,0.36829851792683166,0.21469953348809107,-139.55838506129604,35.916643908160616,1,1
244,0.4023527017429805,0.38098914058779865,0.3916709211653896,0.2106345476909629,-139.19874013503082,35.69022332627571,1,1
245,0.3894928858947053,0.3768084692376568,0.38315067756618104,0.19146557716650153,-139.9965507199974,36.40331645280792,1,1
246,0.3808872591032315,0.3711952050813618,0.3760412320922967,0.18915220671914293,-140.08809319609014,36.248545544598656,1,1
247,0.4047920547528887,0.38995300766623725,0.39737253120956295,0.19641228830075447,-139.4832585113924,35.535984546291054,1,1
248,0.3889455986841933,0.38037898283517346,0.3846622907596834,0.18895359680639826,-138.43441912447676,34.94484320788599,1,1
249,0.3982451594912679,0.3900323457165557,0.3941387526039118,0.1808823486506552,-138.71565303192355,35.17559372699448,1,1
250,0.4016148517840072,0.38594035104165786,0.3937776014128325,0.18415234894578963,-138.157852646172,36.12682660408354,1,1
251,0.3995575887548484,0.3852422509557284,0.39239991985528844,0.18718797357851655,-138.6200711484884,36.60812902857913,1,1
252,0.40773039831530394,0.37792551236447725,0.39282795533989057,0.1728425109329018,-138.96938716366742,37.20667700000115,1,1
253,0.4160392495056612,0.378102526554435,0.3970708880300481,0.21120183186934469,-138.92412517151362,35.56609795837905,1,1
254,0.4224583557406726,0.3710008972726757,0.39672962650667415,0.22283810085542405,-138.1576780437078,35.480561547699274,1,1
255,0.3941368339885153,0.3617803951955804,0.3779586145920478,0.19951871765462206,-139.146015618301,33.20664450827586,1,1
256,0.39995916799655346,0.368614134228631,0.3842866511125922,0.19120953900553025,-137.7199776911622,36.63956094392607,1,1
257,0.42374782447257886,0.38731986679669,0.40553384563463446,0.21367906841247997,-30.42600547887379,72.05938489377068,1,1
258,0.4456972110865088,0.4033530612637262,0.4245251361751175,0.2253408833347745,-137.73204818255653,35.83605323781059,1,1
259,0.4628328330281005,0.41654868270389694,0.43969075786599876,0.22596154271136865,-139.24624537558253,34.56220620885026,1,1
260,0.4740261313132374,0.4095613665347845,0.4417937489240109,0.20903326435838443,-137.87728600864227,36.97591637442471,1,1
261,0.4612248993241468,0.41168109573457967,0.43645299752936323,0.21267418497059404,-30.73888604940211,72.04342394218787,1,1
262,0.48641446825190154,0.4227116950945782,0.4545630816732399,0.2065857134564229,-137.63822306826637,37.0294688516191,1,1
263,0.503194009403592,0.43264225868679607,0.46791813404519406,0.21393208589983853,-30.698904267493603,72.00586571577735,1,1
264,0.48386408057657837,0.4255932731494945,0.4547286768630364,0.2368766377153654,-136.97737952051958,37.347974535299635,1,1
265,0.45955834973053006,0.4110772637104423,0.43531780672048614,0.2177060427260182,-31.83818724460642,72.14121102694227,1,1
266,0.4751461992241486,0.4251450333638047,0.45014561629397665,0.21287232220120011,-30.820296075045434,71.9945522450835,1,1
267,0.48107294965716535,0.4272773349604048,0.4541751423087851,0.21675994791833433,-31.39181310783707,72.06560198438613,1,1
268,0.47763494553865027,0.4234018056561854,0.4505183755974178,0.20495433336676633,-137.13110200394817,36.105653114905074,1,1
269,0.4826798828007037,0.42790445430492635,0.455292168552815,0.21185296781409926,-136.5055481334599,36.49565412755258,1,1
270,0.47319893520621037,0.4200101621236979,0.44660454866495414,0.22006098175657726,-136.99001225501027,36.79008109857881,1,1
271,0.48025790543699876,0.4247738221330935,0.45251586378504616,0.21532371106051507,-137.4072608579193,37.12524432725667,1,1
272,0.47566121468765327,0.4223051915922206,0.4489832031399369,0.21941507210458425,-136.91241724236406,37.50017632634728,1,1
273,0.4843622470322722,0.43602938286280946,0.4601958149475408,0.23039973876881753,-30.80018830862907,71.9832127828558,1,1
274,0.4839308945399403,0.43250945836386073,0.4582201764519005,0.21092231192269023,-135.75196957770802,36.62544947070276,1,1
275,0.4855869557883292,0.4285791686091414,0.4570830621987353,0.206264358247932,-30.904894849560645,71.98682239488546,1,1
276,0.48369690894836004,0.42601096959169554,0.4548539392700278,0.2108916837651135,-136.72022434910895,37.408068549203186,1,1
277,0.4581680396158283,0.4216249803098504,0.43989650996283935,0.22143774374554076,-30.311730979216073,71.89074254069803,1,1
278,0.481373685532358,0.4295870526442159,0.45548036908828693,0.22250610669393203,-30.237483754222055,71.87579885723093,1,1
279,0.467994501076354,0.4289580305842133,0.44847626583028366,0.2204666249292991,-31.2637110811063,72.02391089433328,1,1
280,0.47717130831711413,0.4343394841738596,0.4557553962454869,0.22191455793065834,-31.71162249915515,71.96956253136406,1,1
281,0.4674336099570052,0.4274984394636228,0.44746602471031405,0.22312777707047995,-30.70711654999293,72.10783165855625,1,1
282,0.474781759975732,0.4349298477888383,0.4548558038822852,0.22137638696530793,-135.74742894947792,35.77031110778401,1,1
283,0.4813141982034623,0.4376503082582299,0.4594822532308461,0.21811222292605734,-30.178590968180625,71.83383815519909,1,1
284,0.4788983945646807,0.4377778341588435,0.4583381143617621,0.2032613137951285,-30.55093647391773,71.89431057438539,1,1
285,0.48272403632875377,0.436878927223032,0.45980148177589286,0.18635461932091468,-30.76493107603139,71.90086714568648,1,1
286,0.4817016703208609,0.44193605739749475,0.4618188638591778,0.18323262761330428,-29.655326902783784,71.96473173898481,1,1
287,0.47066369458051793,0.4409754814653201,0.455819588022919,0.20015796415471218,-30.65117491356937,71.8541822984647,1,1
288,0.4892036536271265,0.45807856441130035,0.4736411090192134,0.20095965498774138,-30.001058651114555,71.74769023468477,1,1
289,0.4662294014329567,0.4116205649607751,0.4389249831968659,0.19178606606578416,-30.640436298998065,71.82704975756566,1,1
290,0.41365260561029343,0.3614317573042438,0.3875421814572686,0.18744032055415946,-133.84119773531873,35.2525369727795,1,1
291,0.38697217830309455,0.34298048749140747,0.364976332897251,0.15274611117409104,-133.7073081553262,34.5390951237491,1,1
292,0.4099752699443376,0.33622640630211625,0.3731008381232269,0.16401525982985812,-132.1905541328454,34.56462044688575,1,1
293,0.3604460946880646,0.3345398446441114,0.347492969666088,0.11891221979359957,-30.40796834842178,71.70408382813008,1,1
294,0.4712932695825064,0.35031092770022276,0.4108020986413646,0.14533852017563856,-30.690266585682142,71.64174474460023,1,1
295,0.5038346696769768,0.32845038334154253,0.41614252650925965,0.1597741382320876,-29.292903018693817,71.129815672325,1,1
296,0.5364308349207697,0.3452762465756559,0.4408535407482128,0.1255035799462874,-30.82606134020532,71.42510556090096,1,1
297,0.5178773137090315,0.34637881373711915,0.43212806372307533,0.0897829891099861,-30.832433143174907,71.35476002560232,1,1
298,0.5074071328859384,0.32187547849238046,0.41464130568915947,0.05188786506526764,-30.863868935652093,71.31181250384435,1,1
299,0.5351325936823463,0.3328184760522737,0.43397553486731,0.034160879536869526,-30.813194524947416,71.2788844983788,1,1
300,0.4963784881507206,0.30344139341361714,0.3999099407821689,0.031528944884997474,-31.88731970100316,71.50280778548198,1,1
301,0.5141317373723324,0.2989778865454689,0.40655481195890064,0.03208210325592272,-131.00170998421598,34.107110239485024,1,1
302,0.49388044366252715,0.31254018892315644,0.40321031629284176,0.0429326418180053,-30.79527628444541,71.20585148455888,1,1
303,0.5145713284085841,0.3093872577447327,0.41197929307665837,0.04020937080250352,-129.92776560044726,33.661077390267316,1,1
304,0.5139713923484016,0.30411556495807857,0.4090434786532401,0.016270823275402278,-30.762414987797612,71.18976224127871,1,1
305,0.5333114922719808,0.30676548226697953,0.4200384872694802,0.04902508099586377,-129.01030823308864,32.04681838548455,1,1
306,0.5282409980062711,0.3034965538378162,0.41586877592204363,0.030710923854241227,-127.58570497131831,31.2032178882394,1,1
307,0.5427155611699306,0.30704527797560555,0.42488041957276806,0.03738223816598395,-129.85273132552274,29.31183279054022,1,1
308,0.5459753791405672,0.30579702272936604,0.4258862009349666,0.043234937856421275,-30.81362457765389,71.11889373786384,1,1
309,0.5839418888032141,0.3296248748800566,0.45678338184163536,0.043928993174166174,-30.811246923204877,71.11018227418211,1,1
310,0.5275426543039704,0.3037283213422689,0.41563548782311965,0.048355053056342294,-128.96568384457953,32.32544791362333,1,1
311,0.5587035878614808,0.31109933300901044,0.4349014604352456,0.07342711375691839,-30.76313649220177,71.08793595766592,1,1
312,0.5835555132334483,0.32972696443542127,0.4566412388344348,0.0950108941573866,-27.467923346549735,70.67492905513616,1,1
313,0.5389305338175856,0.2850659108575951,0.4119982223375903,0.07917672368175731,-131.61992914299904,29.909027718751567,1,1
314,0.5642528683981961,0.3184539358287949,0.4413534021134955,0.10122606465173585,-130.132481554664,32.812034828020444,1,1
315,0.5703036963985872,0.3169055294594539,0.44360461292902054,0.11771401764884287,-131.121416234236,33.13413107714481,1,1
316,0.5590486485457398,0.30481043088621,0.4319295397159749,0.14082209151598743,-133.30447748176775,31.885494735131275,1,1
317,0.5361895060547034,0.2953438900299556,0.41576669804232946,0.14169737568049567,-134.93060602912263,33.11606598903604,1,1
318,0.5432075511924419,0.2895833470169003,0.4163954491046711,0.15357316728142895,-130.29547334817977,34.00577311475221,1,1
319,0.5096897939348196,0.30044064831489886,0.4050652211248592,0.1515459397934945,-133.05850590199054,32.193532440688394,1,1
320,0.5142785096327581,0.32135262061938974,0.41781556512607393,0.1855683439149513,-131.2705910244095,33.858320539137836,1,1
321,0.5216850724510289,0.3176850560246857,0.41968506423785734,0.17313942343643776,-132.40867053306894,32.0594380670096,1,1
322,0.5248230242000699,0.3094992856786859,0.4171611549393779,0.22487959443249425,-134.07024180227154,32.81385654452216,1,1
323,0.37364362665330136,0.20038579882014887,0.28701471273672513,0.21799248365332888,-143.74215071639918,35.4715650927398,1,1
324,0.10474238265528739,0.06395078335934773,0.08434658300731757,0.18733902545514933,-30.58397355968608,71.12405380566744,0,1
325,0.09754674541253061,0.025631316346475638,0.061589030879503126,0.13436118902356559,-30.54501212066479,71.10164874282412,0,1
326,0.0735845658930886,0.03301770561393638,0.05330113575351249,0.13391612208244968,-30.52974466595793,71.14185205871266,0,1
327,0.054032299594455276,0.024076310971891588,0.039054305283173434,0.24326514159129198,-29.60110813350558,70.84227263279868,0,1
328,0.23784887862820234,0.1472234087669372,0.19253614369756977,0.17783098838156602,-29.407181817650287,70.87486888037814,0,1
329,0.4433301186033221,0.2725463098372392,0.35793821422028066,0.17896139065315525,-135.9649161929553,35.889552998851535,1,1
330,0.4717678808955136,0.3190912328710853,0.39542955688329945,0.18071752805203029,-138.36634040657032,34.80606134937504,1,1
331,0.5104914281637359,0.3641995624688685,0.4373454953163022,0.21228733345857834,-133.876835957381,32.089722794559,1,1
332,0.5135736039983949,0.36917643021965146,0.44137501710902316,0.22217978981444586,-134.1382052548295,34.923136742998935,1,1
333,0.5275948466135507,0.39523094446793294,0.46141289554074183,0.22612355751416957,-136.54981481509384,33.95809281267526,1,1
334,0.5222829566558587,0.39543395483274474,0.45885845574430173,0.2354216155666124,-133.96928244769984,34.50319059149411,1,1
335,0.5125147725880331,0.3801395990554289,0.44632718582173103,0.2253049098009458,-135.2062291438375,34.843286681371495,1,1
336,0.5546689935610102,0.41080112190030665,0.4827350577306584,0.15959644217278185,-30.661200895707765,71.41264776955204,1,1
337,0.5706282403780767,0.4267569630308892,0.49869260170448293,0.2144022271052724,-133.0569827576463,31.47298293955899,1,1
338,0.5551873088304112,0.42831052984031703,0.49174891933536413,0.19182733598767093,-30.6265165473017,71.46845777210052,1,1
339,0.5594834738967335,0.42433293750340406,0.49190820570006877,0.20370701164498256,-132.92684306920884,35.66891762694425,1,1
340,0.5420669988001675,0.41390856609730503,0.4779877824487363,0.19769961996893276,-30.562897858219234,71.53514438464485,1,1
341,0.515320605793929,0.40445281862038557,0.45988671220715727,0.19268445950623106,-30.530679301236635,71.55383048371681,1,1
342,0.5153704712031774,0.404748082680475,0.4600592769418262,0.18976697577454718,-30.694204341427856,71.61174242630226,1,1
343,0.500794602319461,0.3977846395091302,0.4492896209142956,0.20584603592338513,-30.700270200375915,71.62780092720183,1,1
344,0.5017613848069045,0.4104480403108599,0.4561047125588822,0.18731373592390968,-30.583347639100392,71.62743812941221,1,1
345,0.49358103094299305,0.40769011890503004,0.4506355749240115,0.20111992280000404,-29.376514970767946,71.32036760729817,1,1
346,0.4943068197969461,0.4105539834460239,0.45243040162148496,0.1841026386659941,-30.533467600418966,71.63859332660549,1,1
347,0.4699593118462916,0.40237461721816176,0.4361669645322267,0.17444173281326322,-30.517248840238828,71.65562952827088,1,1
348,0.5121777529740105,0.4150201647744362,0.4635989588742233,0.19054026028233087,-30.546910437537562,71.66804314095141,1,1
349,0.5080993929076459,0.40201395386804084,0.4550566733878434,0.19240569126226822,-30.46086295867033,71.64671359552793,1,1
350,0.5177823332805906,0.41983946693064383,0.4688109001056172,0.1975616682746276,-30.540392744335055,71.66654221548752,1,1
351,0.5297013268950691,0.4243861679280825,0.4770437474115758,0.2013044837579805,-30.532159153867237,71.6694599418867,1,1
352,0.5175659340837115,0.42112834138587385,0.4693471377347927,0.18348402730440588,-30.486612896210744,71.66959628496826,1,1
353,0.5040022121330017,0.4190525762436107,0.4615273941883062,0.18568527394462567,-30.43518213581944,71.6666294093907,1,1
354,0.4962653788815412,0.41528497573979484,0.455775177310668,0.17623486200982555,-134.5502270352132,36.512049590284555,1,1
355,0.510732969845076,0.4221096920356352,0.4664213309403556,0.17764807584666417,-135.92892141790972,36.239502410858485,1,1
356,0.4784283634416489,0.41057129893224503,0.44449983118694697,0.17371170962383128,-134.46528063068595,36.4321850494693,1,1
357,0.4860159128060351,0.41823954423765236,0.45212772852184374,0.1765034522897113,-135.61001607726297,36.022448393942064,1,1
358,0.502128405338584,0.42306648572726263,0.46259744553292337,0.1815853731247181,-30.468463154830882,71.7166482567321,1,1
359,0.4931759242169972,0.4210006945159754,0.45708830936648626,0.17318855311392362,-133.7772109112598,35.44486845205064,1,1
360,0.47895289914279066,0.4148889384806657,0.4469209188117282,0.15196011440442717,-133.8638576437241,35.458085842302374,1,1
361,0.5005321251263306,0.4140139644179077,0.45727304477211916,0.16715693571026496,-134.21016722173093,34.69710967754363,1,1
362,0.500576564574693,0.4226133801161298,0.4615949723454114,0.17839234084827033,-134.4003361904503,34.89946750912255,1,1
363,0.5085343403251573,0.4299809440641179,0.4692576421946376,0.16636206178385335,-135.24081628677496,35.77221689650867,1,1
364,0.49325219583069807,0.4243370684372017,0.4587946321339499,0.1820148189794181,-30.419904556719036,71.7890520174928,1,1
365,0.4958355165353884,0.4300038570669026,0.4629196868011455,0.18126698715849057,-134.86703578157523,35.23472888203445,1,1
366,0.4905006737645299,0.41787046949698536,0.4541855716307576,0.18869238153689957,-30.389722023880367,71.80190436016633,1,1
367,0.4911669607306327,0.4246205735273033,0.457893767128968,0.1868079199314979,-30.427965840900985,71.82626057713931,1,1
368,0.48435856685801904,0.42941737663780605,0.4568879717479125,0.18871108939103923,-30.367269177560765,71.82004592194583,1,1
369,0.4949701294807014,0.42737968983777397,0.4611749096592377,0.18809450438536032,-30.360854630024907,71.82108380190753,1,1
370,0.48801354715233625,0.426776800509499,0.45739517383091766,0.1894980341136927,-30.408079414785988,71.83610827744606,1,1
371,0.48756349771889507,0.42568849699533406,0.45662599735711457,0.21092269534410862,-30.480188799334293,71.85820456732917,1,1
372,0.49728145802517226,0.43052224293516256,0.4639018504801674,0.1988540572774436,-27.481045669756195,70.97315364892314,1,1
373,0.48141868735201643,0.4158184068116138,0.44861854708181514,0.13565576324152098,-134.88358670034762,36.4295479511559,1,1
374,0.4908770853182225,0.41999339164786614,0.45543523848304435,0.14737328034810893,-134.45698492026335,35.611007751517135,1,1
375,0.48806894488214386,0.4121238987818868,0.45009642183201537,0.1487854868425269,-135.4345555954303,36.42813469190625,1,1
376,0.4865285575336733,0.4124424293092924,0.44948549342148286,0.13210165204637397,-30.32830193916541,71.83283498235221,1,1
377,0.4849400750796608,0.41396324600253465,0.44945166054109775,0.14304033319140486,-29.21216167174796,71.74495056353041,1,1
378,0.48249212102567685,0.4127258741819111,0.44760899760379397,0.14784157582867724,-134.55949425881036,35.87393269713687,1,1
379,0.4869099217425675,0.41819229096666516,0.4525511063546163,0.14631328607721533,-30.833298279433514,71.76664985956654,1,1
380,0.48252597972287664,0.41066895944769477,0.4465974695852857,0.1521842966084082,-30.3992434034527,71.86228811627072,1,1
381,0.5100735010845664,0.4257501148271084,0.4679118079558374,0.16837323198950924,-29.357407266158415,71.79901692317613,1,1
382,0.5056673091361211,0.41397891170254547,0.4598231104193333,0.17676228437303404,-29.5049786328629,71.84940375086082,1,1
383,0.47361421708249174,0.3943111822377463,0.433962699660119,0.19486673808820035,-137.84509849422292,41.042937797653366,1,1
384,0.4796654563788919,0.3847984536297846,0.43223195500433825,0.20385646286391035,-138.64890748277986,37.22232053642328,1,1
385,0.4747011825491153,0.3860090350154901,0.4303551087823027,0.19745759090378626,-30.523344414212758,71.85361589650356,1,1
386,0.4951098066385997,0.3996338833189662,0.44737184497878296,0.17923361964755896,-136.58099171145065,36.81616990779011,1,1
387,0.4854664856104137,0.3927744392512687,0.43912046243084124,0.1959687476276914,-136.95397876551914,36.55773878326104,1,1
388,0.46610746707439243,0.37938609985247523,0.42274678346343386,0.18035437964695308,-137.7908898724312,35.47121472474481,1,1
389,0.4908269495590067,0.40646183114390705,0.44864439035145687,0.16895629247177624,-137.23391518220285,36.43158145044299,1,1
390,0.4804168469196056,0.4038521243574229,0.44213448563851426,0.1661970661868274,-137.872789650073,35.29461985596083,1,1
391,0.4713286623342957,0.4122038673420329,0.4417662648381643,0.16910018860694637,-136.9925307258055,36.50560111193975,1,1
392,0.47133270635901087,0.4109881563195626,0.44116043133928673,0.1756209735616204,-138.26794059854558,35.23168888903631,1,1
393,0.4701558545516302,0.40730740591822145,0.43873163023492584,0.1654487929303988,-138.1695158251879,35.15353724302308,1,1
394,0.4652668109989429,0.4038941647421707,0.4345804878705568,0.1611487660084865,-137.8029804331949,36.217633744577974,1,1
395,0.4724948386105817,0.4049707064545604,0.43873277253257104,0.17225593050935506,-138.31760196630003,35.42250863238211,1,1
396,0.4755704089856964,0.40651937874296284,0.44104489386432966,0.1785774903889496,-139.11739569856854,35.98775611103566,1,1
397,0.471364117330128,0.4001859678248424,0.4357750425774852,0.1850652998734312,-138.7203398811592,35.47143024913328,1,1
398,0.48079985221117144,0.42054726232544754,0.4506735572683095,0.1773672060693215,-139.05971325514375,37.039951922849326,1,1
399,0.48713238819535015,0.4202018454238723,0.45366711680961125,0.20841867297381952,-138.36475384139786,36.614327408124474,1,1
400,0.4916428729672989,0.42499653955618827,0.45831970626174356,0.1917244515167104,-138.88686246038154,36.30386994254883,1,1
401,0.4939554174552127,0.4306994956138156,0.4623274565345141,0.19670614934635336,-138.77638067346663,36.763599599886625,1,1
402,0.48915505491384537,0.42734888266342996,0.45825196878863766,0.19638004879753593,-138.460498334544,36.51823781302752,1,1
403,0.49624126884615705,0.438761865685644,0.46750156726590053,0.19153091109392767,-138.19003411823505,36.02929915889566,1,1
404,0.5054174512437551,0.44672147307525834,0.47606946215950674,0.21222246786442328,-137.34041877637512,35.69562770296401,1,1
405,0.5013298549977063,0.44706108637375797,0.47419547068573215,0.20841363906759397,-136.91932838179235,35.322662113597985,1,1
406,0.45546112329099336,0.41187983650810106,0.4336704798995472,0.21202710835374242,-138.95764339565605,35.39884789488815,1,1
407,0.4213366935524219,0.3651442604020423,0.3932404769772321,0.20635402633285221,-139.26472670035312,35.57411771645717,1,1
408,0.380714608343507,0.3500458223310539,0.3653802153372805,0.21490016812170545,-140.98072173613326,37.10753678257049,1,1
409,0.36387214998666056,0.33767109530541556,0.35077162264603806,0.22343299042659254,-141.1919352124405,37.39857005163386,1,1
410,0.33856842302931256,0.34754569526337364,0.3430570591463431,0.23181509166938244,-140.2262254103539,36.269535510218134,1,1
411,0.3270297488416687,0.3347905643878702,0.3309101566147694,0.20553585584494674,-139.5331528982712,35.74489912024126,1,1
412,0.3289167735053227,0.348934578459544,0.3389256759824334,0.21961601579157983,-138.9849010593197,34.27021270803221,1,1
413,0.33341982710654516,0.36392200892616505,0.3486709180163551,0.20903273163268996,-139.0396587012707,34.37579590641416,1,1
414,0.355172868788802,0.3980209318670339,0.3765969003279179,0.2011389849904434,-138.92579675791413,33.82155700589585,1,1
415,0.3080255904408176,0.3834339581961691,0.3457297743184934,0.20579809341217695,-139.13508622003545,34.30360813206044,1,1
416,0.3022236664091706,0.3788089979833067,0.34051633219623867,0.1903353664699433,-139.23439536143755,34.25650874188455,1,1
417,0.3181813906188306,0.3880157980910617,0.35309859435494617,0.1844333970505223,-139.20406059840064,33.848066994894644,1,1
418,0.3134276122898673,0.3859276182467513,0.3496776152683093,0.19762225522308183,-139.14926010447854,33.591704214468876,1,1
419,0.3069329440133529,0.3851276864522832,0.346030315232818,0.18094920064634282,-139.24458703046523,33.77702430650254,1,1
420,0.31899174720485846,0.413907847448413,0.36644979732663574,0.20000796935866755,-139.8633790869951,33.99207930787546,1,1
421,0.33975188989928995,0.40131203726672926,0.3705319635830096,0.1990732377394735,-138.91088557126366,33.397044556343964,1,1
422,0.34397791915574955,0.40271570281384456,0.37334681098479705,0.1855688300283911,-138.08934995779572,33.430375630705676,1,1
423,0.35156152844621885,0.41179245966676814,0.38167699405649347,0.18269120237817033,-138.63427089733403,32.96400763143114,1,1
424,0.33230914227291675,0.4065168884695157,0.36941301537121624,0.2011679418446435,-138.67717562739364,32.99046028675712,1,1
425,0.34339907167292577,0.41547365606808084,0.3794363638705033,0.20375484456689902,-138.47836086904482,32.86389518845361,1,1
426,0.3414097691185517,0.41851175878026003,0.37996076394940587,0.2018550458250112,-138.55799669511316,33.198363570897435,1,1
427,0.3377293301940974,0.41862610540102063,0.37817771779755904,0.20419818326648528,-138.48464496652062,33.24976696765455,1,1
428,0.3363296347370275,0.4122791737114158,0.3743044042242216,0.20457623370803077,-138.62499318276042,33.249523605682654,1,1
429,0.31572413515036646,0.4012978450581849,0.3585109901042757,0.2028760047279531,-138.3177635165044,33.006350989407046,1,1
430,0.31608121189340216,0.4016043882964409,0.35884280009492153,0.19690268413262366,-137.80280423537124,32.77436639089764,1,1
431,0.3169043483767196,0.3885269741172717,0.35271566124699566,0.18133853977026504,-138.32592802336603,33.10886311170853,1,1
432,0.2957173702624052,0.3797856940692757,0.3377515321658404,0.18008692393705283,-138.25484400598268,33.17600649712894,1,1
433,0.28748181732712447,0.3809402834921274,0.33421105040962595,0.18830640167435425,-138.86565209548638,33.91244591375427,1,1
434,0.2976037072452477,0.3823370019158578,0.33997035458055275,0.18487343818881294,-138.60120346868916,33.32002984864857,1,1
435,0.2902927648499745,0.3842335235253651,0.3372631441876698,0.20566007968115196,-138.84083539587863,33.45502047754037,1,1
436,0.29459976545853184,0.37723912649019126,0.3359194459743615,0.19747644182454555,-138.32931958124755,32.95800701638362,1,1
437,0.3565994135999861,0.396928723402543,0.37676406850126454,0.1944880632463325,-137.82749010703327,32.05675570254538,1,1
438,0.37900506298947906,0.41325490758421696,0.396129985286848,0.1955129826431723,-137.4290984401136,31.536175926410703,1,1
439,0.3788048645708215,0.4131129968001257,0.3959589306854736,0.19160063524182525,-137.13882884912132,31.28389156682251,1,1
440,0.3930855236048414,0.4188999715482239,0.40599274757653264,0.18830758168677303,-137.0180950810857,31.223519938667224,1,1
441,0.39530733960495645,0.419687183159285,0.4074972613821207,0.20410497285033602,-136.9633025608029,30.83845973055673,1,1
442,0.42180768126679513,0.44505916601615947,0.4334334236414773,0.20636864973361219,-137.1898926166808,30.305200146760424,1,1
443,0.4314824672892041,0.4481783168800761,0.4398303920846401,0.20389296578883373,-136.71929550993315,30.592849777381055,1,1
444,0.43974857267477363,0.4599600260031445,0.44985429933895904,0.19881753904826108,-136.9528623647755,31.077542898629645,1,1
445,0.43620783833112753,0.47221835706122206,0.4542130976961748,0.1717873212965763,-136.56557922762516,31.07667626096547,1,1
446,0.4490218560657439,0.47929658520501445,0.4641592206353792,0.17947222135741284,-137.15192199687345,31.09186334615237,1,1
447,0.455453652791354,0.4887223954166736,0.47208802410401385,0.15943097128716271,-136.4711536741494,30.66222866727982,1,1
448,0.4636837758674933,0.49125398637958567,0.47746888112353947,0.16258070576539657,-136.3070976433243,30.619587752729764,1,1
449,0.4557905217499958,0.49011617500804583,0.4729533483790208,0.15459159047638035,-136.2402662073803,30.474431816773283,1,1
450,0.46156266230233145,0.479209875173275,0.4703862687378032,0.15332019902822652,-136.421862813933,30.98778118763496,1,1
451,0.4543877393333407,0.47670027703361945,0.4655440081834801,0.137539276737138,-136.5819972961618,30.81201671199049,1,1
452,0.4579379016249644,0.4759307969303567,0.46693434927766053,0.09438500170755232,-136.87625592275654,31.43118919485815,1,1
453,0.45649137624091934,0.47450583168245086,0.4654986039616851,0.061570262154415925,-137.02202492207917,31.3612175022188,1,1
454,0.461954308455269,0.47925186109020534,0.47060308477273716,0.03964701783824586,-136.84456630593584,31.265040888800904,1,1
455,0.4646709598736312,0.48774616663950454,0.4762085632565679,0.013576060336874987,-136.82737319405175,31.386487402852215,1,1
456,0.46295203561853354,0.4782030405855346,0.47057753810203407,0.010400828436116167,-137.0275300705008,31.76442197185858,1,1
457,0.4434427494593835,0.48258140194691546,0.4630120757031495,0.007483886522609915,-137.10475467670847,31.733568706490615,1,1
458,0.4618442876612206,0.4864459389644968,0.4741451133128587,0.007098608205156246,-136.82173555002734,31.577080135323587,1,1
459,0.44228698394907817,0.46679585579886795,0.45454141987397306,0.006744442344435293,-136.74980881784447,31.628690120517312,1,1
460,0.45537746373350224,0.4856072559704484,0.47049235985197535,0.006762143907872382,-136.74155919655826,31.799302188616487,1,1
461,0.4855671763892818,0.5008328582950771,0.49320001734217944,0.006047204549640059,-137.47849956316838,33.07704520072138,1,1
462,0.4676635373300556,0.4834249732668357,0.4755442552984457,0.00588144796271274,-136.58519462528378,32.388105568895504,1,1
463,0.47559638211352856,0.49372800273060863,0.4846621924220686,0.004904753131712244,-137.00295548261892,33.01402916036628,1,1
464,0.47168944820780084,0.47580547090606,0.47374745955693043,0.005315036120745744,-137.2751775665988,33.85448840605292,1,1
465,0.4320449570696549,0.44741739039547107,0.439731173732563,0.0059413670541145994,-137.74380576613063,34.8041143346989,1,1
466,0.2488133992201594,0.2816060548836124,0.2652097270518859,0.0077996050302645715,-137.70661505138537,34.72254517631726,1,1
467,0.21188333354245392,0.21776626770416496,0.21482480062330944,0.007351655263922877,-137.53331837945308,35.813602317327586,1,1
468,0.23412841374924928,0.2608395488057979,0.24748398127752358,0.009679732869426382,-136.47449799149408,35.33354523550976,1,1
469,0.29042173408866395,0.2881809665667192,0.28930135032769155,0.007903622051644582,-137.6839166543119,37.229020845182596,1,1
470,0.3273146875832518,0.3248555700650982,0.32608512882417495,0.007371238031287846,-137.80346499124403,37.576853579765,1,1
471,0.350777887385527,0.35946022062131555,0.35511905400342125,0.008175313218493714,-137.15699584784574,37.41382003598002,1,1
472,0.37316844793718434,0.37315293148062906,0.3731606897089067,0.00898872460051787,-137.04897580894064,37.15038473991627,1,1
473,0.39788485801327456,0.3824593440740562,0.3901721010436654,0.007681191432542192,-137.1555150876157,37.27485189926226,1,1
474,0.3879997790339536,0.3729246405907125,0.38046220981233303,0.00579134578181119,-137.29604468765643,36.959776617556315,1,1
475,0.3879529500341522,0.3825162738918612,0.3852346119630067,0.005152309858985455,-137.27048845375998,36.758170500468246,1,1
476,0.3971621977070902,0.37827447611989945,0.38771833691349483,0.004279328264902714,-137.27729725434457,36.70421235833691,1,1
477,0.4268107379948349,0.402126187572665,0.41446846278374994,0.005090604536719827,-137.6727707455594,37.05957925858205,1,1
478,0.44677806237523054,0.41181524269528336,0.42929665253525695,0.007454566306780272,-137.60292313011803,36.857246972485875,1,1
479,0.45514822349157347,0.41376462742710923,0.4344564254593414,0.009661958407968857,-137.8227155245843,37.03688504075549,1,1
480,0.460528271535585,0.41802652046647826,0.43927739600103166,0.010074521181031878,-137.12005771135694,35.78340745699673,1,1
481,0.45895572268928814,0.4210305112755269,0.4399931169824075,0.006858817733348487,-137.12593104992794,36.38841171933236,1,1
482,0.4788059083213081,0.42788969349426836,0.45334780090778826,0.006035112671326751,-138.460535621631,36.79376615339795,1,1
483,0.4748782794410339,0.43044581079939365,0.4526620451202138,0.006693893106691161,-138.12030338433854,36.75715916182701,1,1
484,0.48300736046913434,0.4356454202759466,0.45932639037254047,0.006298474816522331,-137.6961657185412,35.20238451575971,1,1
485,0.4888791495120656,0.437549635169269,0.4632143923406673,0.007471343500742635,-137.52253213379208,34.904869443047644,1,1
486,0.488034982841618,0.42862876455934945,0.4583318737004837,0.007033809163950246,-137.6968685137055,35.78914878021672,1,1
487,0.4968253541612212,0.4370893392946068,0.466957346727914,0.006354917137531467,-138.43969406671457,36.122696091594335,1,1
488,0.47264650452191026,0.42637050474166455,0.4495085046317874,0.005232550116861934,-30.470945045446225,71.88834172013985,1,1
489,0.4731151153503149,0.42947311069479527,0.45129411302255507,0.00723642448394013,-30.470499783608798,71.87056615910836,1,1
490,0.47019182534493376,0.42736813392705036,0.44877997963599203,0.006213197477841873,-30.5495898283502,71.87259870450347,1,1
491,0.48281980106824535,0.43884763681535194,0.46083371894179864,0.006506834676069315,-30.55442369927273,71.854392645512,1,1
492,0.48312587256479966,0.43148345069491506,0.4573046616298574,0.00890045253164869,-30.49984095759337,71.8168527205209,1,1
493,0.460755666570491,0.4186296233740552,0.4396926449722731,0.006524573358470025,-30.331952631762938,71.74786177734003,1,1
494,0.4683260423569545,0.4200627477598841,0.4441943950584193,0.009428887566465356,-29.76768376844984,71.5194421492529,1,1
495,0.46865891482163397,0.4236798558934565,0.44616938535754525,0.00766538097622756,-29.851047201322082,71.53034200489475,1,1
496,0.47359534271316284,0.42361472590336113,0.448605034308262,0.009039529228199035,-29.607777834543157,71.50628446436365,1,1
497,0.4837785404188362,0.43250588790342515,0.45814221416113066,0.007839373317535127,-30.545503010379836,71.78716691016363,1,1
498,0.4791954594035544,0.4302469471294408,0.45472120326649756,0.008765608459955943,-30.590569333503424,71.7950370601092,1,1
499,0.47964304741027997,0.43387641064050364,0.4567597290253918,0.008279574014420702,-29.978720005862087,71.65815701713905,1,1
500,0.49808306047338513,0.4346858406355961,0.4663844505544906,0.008964583876893624,-30.47213281165698,71.79091838283841,1,1
501,0.49363214423088136,0.4350447945696046,0.464338469400243,0.008298906126981701,-30.75949905182944,71.8807414382553,1,1
502,0.4926684900832599,0.4315262702115814,0.46209738014742063,0.007590860131653483,-30.295605353774484,71.78008103149091,1,1
503,0.4987048528670486,0.43475409554501965,0.4667294742060341,0.007015623212230722,-30.1355857712231,71.7814233531825,1,1
504,0.5001432544844889,0.43253441295660944,0.4663388337205492,0.006540648318876186,-29.78320510925377,71.55355741058025,1,1
505,0.4731255189247493,0.4232266416908943,0.4481760803078218,0.008555077532280887,-30.58719163143666,71.83245721006205,1,1
506,0.4975575186173723,0.43962610794027207,0.46859181327882216,0.01003442268929426,-30.719034178274047,71.87512193448748,1,1
507,0.4849896758157993,0.43046326336851154,0.45772646959215546,0.00855389736727927,-30.534538122000697,71.82175895879728,1,1
508,0.48567457666731667,0.43391690379072734,0.45979574022902203,0.008516141526125428,-30.510815552458233,71.8153679172568,1,1
509,0.49080053915257404,0.44243471024374653,0.46661762469816026,0.009908281797226725,-30.559726756249475,71.82314893260916,1,1
510,0.4809088378522275,0.4317628162854834,0.45633582706885545,0.009402545399236907,-30.471230687793746,71.79840491405461,1,1
511,0.47914736067569824,0.4291443009381899,0.45414583080694404,0.00808191628257595,-29.99550466090861,71.60277465808116,1,1
512,0.49335327000244555,0.43528975673436,0.46432151336840277,0.00925902684840215,-29.59221285336762,71.54958205859405,1,1
513,0.4765223719608404,0.42984191311470543,0.4531821425377729,0.010507410086094088,-30.30861302931162,71.77422955193038,1,1
514,0.491396248449917,0.43647687356191145,0.4639365610059142,0.010094193716687376,-30.58369433884286,71.85485340478978,1,1
515,0.4820050258823325,0.4299261536579496,0.45596558977014107,0.00912103201707421,-30.51334820320497,71.82219514872908,1,1
516,0.47812833626930185,0.4285862603846712,0.4533572983269865,0.009346638083878648,-30.387654676581704,71.79187462012324,1,1
517,0.4770159127423413,0.4294762324615193,0.4532460726019303,0.00889757610937223,-30.215665600651416,71.73849188149048,1,1
518,0.48624542752357625,0.4394806777164874,0.4628630526200318,0.00921141728625958,-30.088773217429104,71.71151476566934,1,1
519,0.48841332346207683,0.44102850043150255,0.46472091194678966,0.008919111277109874,-30.05652802020084,71.70107956959649,1,1
520,0.4835082504621102,0.4388970496963458,0.461202650079228,0.00854299621179144,-30.45315114214697,71.78101979293119,1,1
521,0.48577279799729206,0.4346490899703601,0.4602109439838261,0.009235344047859867,-29.914137546078045,71.66291937893186,1,1
522,0.49309512495848984,0.4409408544644515,0.4670179897114707,0.008755352310669148,-30.041786900869877,71.68996787527006,1,1
523,0.49914780802876546,0.4415424579293443,0.4703451329790549,0.008703692791568948,-30.221799242776317,71.71431739677087,1,1
524,0.49504925622526336,0.4452415706970017,0.47014541346113253,0.00966281716415727,-28.11920692237631,71.61274919189312,1,1
525,0.4948285138390513,0.44147188664884,0.46815020024394566,0.010618876064815846,-29.36494969397541,71.46319901816909,1,1
526,0.49413484812104214,0.4407644658612955,0.4674496569911688,0.009448982266975653,-26.931577904019665,71.21868697757412,1,1
527,0.4894688191617079,0.4401903970227154,0.46482960809221163,0.008839994293086545,-26.846410982099357,71.08255190256564,1,1
528,0.4849255098590329,0.44116110042399936,0.46304330514151615,0.010757178667037407,-26.731211393949156,71.02408508036008,1,1
529,0.507708803666524,0.44974816528071043,0.47872848447361727,0.013054970183510742,-29.877311521611066,71.63694611948803,1,1
530,0.48638688557198,0.4384427629042949,0.46241482423813746,0.014242913732103433,-29.923282104054987,71.63344598512568,1,1
531,0.5053853518540615,0.4497316707904395,0.4775585113222505,0.014010232986218321,-29.759260242989544,71.59537456343233,1,1
532,0.4997855050555185,0.441600765133927,0.47069313509472277,0.014036358615783527,-29.113405160947146,71.39761741695538,1,1
533,0.4911616137209063,0.4399344326337049,0.4655480231773056,0.013173626163872685,-29.12642854580698,71.40022314532686,1,1
534,0.4907360413240606,0.4411239886644803,0.46593001499427045,0.01303009852927921,-29.023338585609366,71.36068337570741,1,1
535,0.49089890268589664,0.44349409945456664,0.46719650107023164,0.012676326524443563,-28.248015237489646,71.56627199624427,1,1
536,0.48385742794730685,0.43947558275759974,0.4616665053524533,0.012663024136213384,-28.82181155732546,71.35866883058537,1,1
537,0.48803431450872076,0.4368570917839844,0.4624457031463526,0.0146268892975157,-28.39788701775265,71.20049325109696,1,1
538,0.48866004819238246,0.4372803863782782,0.46297021728533033,0.013341406228645353,-30.571216051392046,71.76720571891367,1,1
539,0.496616825340917,0.44208359824833227,0.46935021179462466,0.013529825379525996,-30.548412985331833,71.75504602919456,1,1
540,0.4867408023275262,0.43503652868901366,0.4608886655082699,0.011776825510967037,-30.3990732121515,71.71562803200223,1,1
541,0.49223121917345297,0.4286586855856638,0.4604449523795584,0.011688029586020039,-30.553032282713858,71.75885090022412,1,1
542,0.48387190947319525,0.4403767713831456,0.4621243404281704,0.011010571405563486,-30.503250337642474,71.72248340462522,1,1
543,0.48263516556713365,0.44982078511940704,0.4662279753432703,0.01098386195372128,-30.512257213872708,71.7076645256837,1,1
544,0.48849403080096643,0.4617632329125975,0.475128631856782,0.011512697021852007,-29.78540334679509,71.53508095626962,1,1
545,0.5055952842190533,0.4600814963548386,0.482838390286946,0.009263655769535183,-30.230001219979286,71.60021959311841,1,1
546,0.5216652208837657,0.46351131323811484,0.4925882670609403,0.005395474605339308,-30.536904006970953,71.63311934723369,1,1
547,0.5359745467624749,0.47946635791389386,0.5077204523381844,0.005207537589043779,-30.716967738411856,71.62202902659038,1,1
548,0.5656296050696187,0.4828598415699347,0.5242447233197767,0.008439524572050902,-30.175606608949348,71.52208023725812,1,1
549,0.5619810456399447,0.45143842174533444,0.5067097336926396,0.006341397969529616,-30.558122425336144,71.44771727684771,1,1
550,0.5559560565604618,0.42019598983569484,0.4880760231980783,0.00791789851097921,-129.61485781429764,33.36043781525895,1,1
551,0.5645105440605862,0.4189639832107811,0.49173726363568365,0.012456539443799137,-129.25029831232763,33.66560494182435,1,1
552,0.5794072833594759,0.41416716447481766,0.4967872239171468,0.014228487216416319,-129.21146516406742,29.19757627499968,1,1
553,0.6146546571427071,0.3965251240800247,0.5055898906113658,0.019937711206035092,-129.8964710183116,29.387642290073057,1,1
554,0.6344596193975582,0.39466902819595345,0.5145643237967559,0.0230804539938713,-129.42880003083258,29.173195734597325,1,1
555,0.6337509073221705,0.3938534145677741,0.5138021609449723,0.021368022847067392,-128.31251109097758,27.278535129351003,1,1
556,0.6213933031061556,0.3702975479591668,0.4958454255326612,0.03050893369438121,-125.59330233599971,29.659900805183046,1,1
557,0.6619233496977097,0.3844849440278385,0.5232041468627742,0.05823197667095071,-124.8167088788997,29.38272598277385,1,1
558,0.6563397579452849,0.38073309888647394,0.5185364284158794,0.02794407094346661,-127.9421290266404,26.171022071387053,1,1
559,0.6964636490883002,0.386773311603199,0.5416184803457496,0.026991757500922205,-124.99353777959575,28.978695578619455,1,1
560,0.7054236681870806,0.3878779031792733,0.5466507856831769,0.02535862142079644,-124.6198617411495,27.588218636911026,1,1
561,0.6891258292451125,0.3790678113402915,0.534096820292702,0.02741375105381656,-126.99351383613306,26.435370529525308,1,1
562,0.6799141510938495,0.39190100967718333,0.5359075803855164,0.031096484478503925,-127.67628292419299,24.957712008839888,1,1
563,0.6845321678565665,0.3931356265178254,0.538833897187196,0.03050603662829902,-123.90349338170213,27.332195858212845,1,1
564,0.6970394341188426,0.40673021082333166,0.5518848224710872,0.03126685956237225,127.23165817584525,39.80250053471196,1,1
565,0.6396186726152772,0.349654852157608,0.4946367623864426,0.037321940151473346,126.6604249180462,39.264983543692885,1,1
566,0.6359174486722946,0.353112114559794,0.49451478161604434,0.06263767916802328,-122.83271492648666,27.633085720392295,1,1
567,0.6388764390179729,0.352998602498975,0.49593752075847397,0.06846076201847746,-127.40681566248281,25.9803414356139,1,1
568,0.6328184902309668,0.34540037397101764,0.4891094321009922,0.05734032224194887,131.2989566327724,36.077281866647084,1,1
569,0.6256125247190686,0.3507930862856867,0.4882028055023776,0.0633316830900031,-156.97602798264248,47.88839284054224,1,1
570,0.6385524121424134,0.35206291056950095,0.49530766135595716,0.053743059133268635,-125.2090664073844,30.41600214688906,1,1
571,0.6304865227387689,0.359001113383862,0.49474381806131545,0.05886603319857052,150.57607541662063,49.64572081487315,1,1
572,0.6780932547158453,0.4050855785346806,0.5415894166252629,0.04960599907300398,-135.6409753385409,30.544719567294933,1,1
573,0.6870539025913661,0.41702311626124394,0.5520385094263051,0.04578017396802062,-126.17440003209101,30.090338374866853,1,1
574,0.7076164062846597,0.43703166476771893,0.5723240355261894,0.05126035620403232,-134.02162066743517,30.95145553163927,1,1
575,0.6941549056581757,0.43211443465230664,0.5631346701552412,0.03495690132509391,-134.97321266101028,39.04155091327918,1,1
576,0.6814387428135769,0.43420507837166455,0.5578219105926208,0.04475819059787674,143.21198998968768,49.07323741435867,1,1
577,0.6840416149217814,0.4283941990358837,0.5562179069788326,0.022592403178592506,-128.63053137878782,30.53291244389157,1,1
578,0.6753648144069112,0.45804315114994715,0.5667039827784291,0.032545557520367814,-129.16975005338108,30.686518516751153,1,1
579,0.6656194745382649,0.44464031352942246,0.5551298940338436,0.022918079999090984,-151.09766097177888,38.65901818469439,1,1
580,0.6878204740125756,0.46002168593655024,0.5739210799745629,0.019271908751733336,-178.658570937884,49.75228375963707,1,1
581,0.6620580616620384,0.4378407648550842,0.5499494132585613,0.018761809593947864,154.9247208541022,45.68030775317056,1,1
582,0.6552219404657113,0.4445333420828627,0.549877641274287,0.02000168474398515,-131.52282161951865,34.55282785493486,1,1
583,0.6518063714726005,0.4471434701524724,0.5494749208125365,0.029299135358649413,178.14831132782635,50.83911302826019,1,1
584,0.6430801569606373,0.452707339374689,0.5478937481676631,0.016890489925017984,-132.55401523229938,35.6198025568025,1,1
585,0.6493481911140344,0.4478499340773311,0.5485990625956827,0.01455946080229861,-133.13091314693895,32.137344812654995,1,1
586,0.6289782624644228,0.4385416580142677,0.5337599602393452,0.02444045709796952,-132.4276742830786,32.682975181308336,1,1
587,0.6042815563277399,0.43211072238821463,0.5181961393579773,0.021651969168134468,-132.83592369346206,34.41250994656708,1,1
588,0.6005326974929606,0.429015646542284,0.5147741720176223,0.02584811183539723,-129.31821257637498,33.18439186492883,1,1
589,0.6010780760739232,0.4276047514791121,0.5143414137765177,0.015325460440955585,-164.73470261975686,42.314860255587945,1,1
590,0.5824247225077133,0.4062591749660335,0.49434194873687337,0.012416148395075408,-161.08120595590177,44.707063723720566,1,1
591,0.6115828974944432,0.44496754389799004,0.5282752206962166,0.014687019683533352,-130.550265864012,32.274990060434654,1,1
592,0.5844613307998543,0.4395396905407624,0.5120005106703084,0.010114298324432123,-158.50431578618208,43.49152968032852,1,1
593,0.5290683732609498,0.39131036088049587,0.46018936707072283,0.00936635874528942,-134.56346138618287,35.6863442107182,1,1
594,0.5329441311124008,0.3912817940734094,0.46211296259290513,0.013321584709522128,-30.59290286223142,71.33475618691493,1,1
595,0.5143726291766851,0.39780460610785984,0.4560886176422725,0.006515739808416147,-29.609265052267205,71.2127212257291,1,1
596,0.48141795587670244,0.3722825271625387,0.4268502415196206,0.005548958061662417,-30.790304427576807,71.4537491284019,1,1
597,0.4375456281768031,0.3665289755714449,0.402037301874124,0.005385164046604679,-30.458980807884846,71.63427997405859,1,1
598,0.4481841128841192,0.3744612601831867,0.41132268653365295,0.005270914834730903,-30.507322374786668,71.77052937502228,1,1
599,0.44307383767949615,0.3712778482114109,0.4071758429454535,0.008975235090353985,-139.56709336850471,37.59612802679799,1,1
600,0.4578204632242249,0.3969833917134737,0.4274019274688493,0.008013976722567664,-140.01874461054757,38.86221439616633,1,1
601,0.46736851483593367,0.4033303203531217,0.4353494175945277,0.006272464455626979,-137.99554053987526,37.72492669223963,1,1
602,0.4730654166593178,0.405761159721283,0.4394132881903004,0.006379627480313726,-138.0457961550191,38.10029256718114,1,1
603,0.46208036513579864,0.4006195798022013,0.431349972469,0.009431013555861303,-138.1727130849302,37.36803833331123,1,1
604,0.4740927954397392,0.40696060990638694,0.44052670267306304,0.006820437875600531,-138.66764046268696,37.64762163880531,1,1
605,0.4447353876534852,0.3835166085807553,0.41412599811712025,0.006167526760829381,-137.49301236251523,36.90784430547936,1,1
606,0.42787760852147466,0.38787127631906854,0.4078744424202716,0.00651774877831609,-135.99387489883378,35.8976203743718,1,1
607,0.43759743299410636,0.38976208988036565,0.413679761437236,0.006411375280575852,-136.1929266929812,35.9170651944146,1,1
608,0.4248230816340563,0.37849462025787484,0.40165885094596554,0.00639899242942751,-136.47795007346403,36.26705666573085,1,1
609,0.4311376234730607,0.39471927084220626,0.4129284471576335,0.0065303934253445,-135.97241405792028,35.5832441264934,1,1
610,0.43988747780886983,0.4075120266169237,0.4236997522128968,0.0064966124076856575,-136.6342258770675,36.08336698319989,1,1
611,0.43139609722997435,0.4026542551326905,0.4170251761813324,0.005988894626939331,-136.32356783491443,35.91356347936407,1,1
612,0.18365934105752418,0.219141692183288,0.2014005166204061,0.004735401490292896,-138.45384416924196,37.98223683746663,0,1
613,0.03438960763160549,0.038894286290088426,0.03664194696084696,0.0051643647986490135,-138.88949033774938,39.36248632598516,0,1
614,0.018932782327180236,0.02500423953611744,0.021968510931648838,0.004864974545793301,-138.4163612045661,39.141731428403645,0,1
615,0.040285929108224115,0.04204586911351775,0.04116589911087093,0.004504714396778984,-138.10803101167298,39.00297498848192,0,1
616,0.13847203476525258,0.12001511198416331,0.12924357337470793,0.005169555026882571,-138.0226216535069,37.89868398991855,0,1
617,0.2736461506595372,0.2662332448357919,0.2699396977476646,0.006037323917289079,-135.38706256672586,35.183042601524264,1,1
618,0.3543346273981777,0.3334897217351933,0.34391217456668555,0.005620496290017922,-135.8133618375655,35.84952027016196,1,1
619,0.4020178857159658,0.3872398935710801,0.39462888964352294,0.006083705916652461,-135.7710565904865,35.75180301123244,1,1
620,0.42735409139379,0.4075182411408966,0.41743616626734326,0.00616377680170561,-136.24142645722338,35.781644056639315,1,1
621,0.4310610807686765,0.4089482174399327,0.4200046491043046,0.006291224339107747,-136.36713071399194,36.0735008966604,1,1
622,0.43965275515505536,0.413622464487701,0.4266376098213782,0.006251412222064728,-136.300189928553,35.96037049396914,1,1
623,0.4521675715285809,0.4229698078153597,0.43756868967197027,0.007192955335829022,-136.26591157938907,35.80566690295101,1,1
624,0.4764870311836364,0.44397165528094407,0.46022934323229026,0.00702370389679204,-136.26755447193716,35.98039601399498,1,1
625,0.4651475523498299,0.4432778331135591,0.4542126927316945,0.006583836294096458,-136.81196350516248,35.86046246441635,1,1
626,0.46502563897329496,0.4417453994799398,0.4533855192266174,0.005647412943406096,-136.86557939759024,36.115948515284195,1,1
627,0.47109239686413157,0.44952260527484456,0.46030750106948803,0.0040915333921043885,-137.20807451614186,36.18703996802462,1,1
628,0.4810138146614604,0.45568123417075407,0.4683475244161073,0.0050330467957349825,-137.12251504885097,36.123031127925294,1,1
629,0.48088101577326375,0.45135108507559,0.4661160504244269,0.005630043583288157,-137.3695653523257,36.05486767880182,1,1
630,0.47956780438545665,0.4533546556247156,0.4664612300050861,0.00623800004107724,-137.19646963595645,36.20094843113136,1,1
631,0.4873200120121311,0.4574671200495637,0.47239356603084737,0.00557619602375973,-137.1516455620633,35.88003925765582,1,1
632,0.48981243693305204,0.4554034271105654,0.47260793202180873,0.0047805013349709454,-136.66664134629565,35.83284984656802,1,1
633,0.49590899412721473,0.46163153745779173,0.47877026579250326,0.006290396983595202,-136.96209604886008,36.05965365119116,1,1
634,0.4776102100999657,0.4453233711428025,0.46146679062138407,0.006812781294215244,-137.20111722980835,36.224813033405816,1,1
635,0.43797211883689063,0.4057375373805188,0.4218548281087047,0.005977400803826637,-136.4807413660144,36.51190985616397,1,1
636,0.42422687637597584,0.39980329230269174,0.41201508433933376,0.009233334362551006,-135.36667820458308,37.073280590007876,1,1
637,0.38975775612296293,0.36885319812355866,0.3793054771232608,0.006625451939007234,-135.06429590027605,34.87013039065717,1,1
638,0.40607518410124405,0.37964265346647236,0.3928589187838582,0.006823864558171462,-134.8871039026442,34.697686428340226,1,1
639,0.4043513163762461,0.37339764899518396,0.388874482685715,0.006576618107147685,-134.85738291842353,34.83331865928988,1,1
640,0.42497787731080505,0.38909578821888996,0.4070368327648475,0.007010352859007708,-135.60107614875184,35.333400876715785,1,1
641,0.41883049668068406,0.3905365056542078,0.4046835011674459,0.0070757045423359725,-135.3206014092074,35.045604120930086,1,1
642,0.4393117229109728,0.400668140523055,0.41998993171701393,0.007409487416379411,-135.63748047422328,35.22734200676894,1,1
643,0.44172683392100215,0.40441231195105876,0.4230695729360304,0.008129398251970095,-135.49194806016368,34.643828408277265,1,1
644,0.46139815505719556,0.4245686802851174,0.44298341767115645,0.008681704742846586,-135.7590540220629,35.01935447649904,1,1
645,0.47113229231779047,0.4306486811633213,0.4508904867405559,0.008269679538582467,-136.57789688801938,35.519725563488045,1,1
646,0.4435533838131735,0.4061307922490111,0.4248420880310923,0.007309129786950457,-134.9989022204744,36.011724155654875,1,1
